Latitude,Longitude,Address,Qualifying Rules,Evidence,Confidence,Nearest Pharmacy (km),Nearest Pharmacy Name,POI Name,POI Type,Region,Date Scanned
-42.8704,147.3579,"Rosny Hill Lookout, Rosny Lookout Road, Rosny, Hobart, City of Clarence, Tasmania, 7018, Australia",Item 132,"Major shopping centre 'Eastlands Shopping Centre' (GLA 22,000 sqm) with no pharmacy within 200 m",85%,0.92,Bellerive Quay Pharmacy,Eastlands Shopping Centre,shopping_centre,TAS,2026-02-14T17:01:15.350586
-42.9768,147.3057,"14, Maranoa Road, Kingston Park, Kingston, Kingborough, Tasmania, 7050, Australia",Item 132,"Major shopping centre 'Channel Court Shopping Centre' (GLA 16,000 sqm) with no pharmacy within 200 m",85%,0.34,Priceline Pharmacy Kingston,Channel Court Shopping Centre,shopping_centre,TAS,2026-02-14T17:01:15.351585
-42.126071525,148.290322925,"Coles Bay Convenience, 3, Garnet Avenue, Coles Bay, Glamorgan-Spring Bay, Tasmania, 7215, Australia","Item 130, Item 131, Item 133, Item 134","Supermarket 'Coles Bay Convenience' (3000 sqm) is 17.79 km from nearest pharmacy | Near 'Coles Bay Convenience' (supermarket); straight-line 17.79 km, est. route 23.13 km from nearest pharmacy | Supermarket 'Coles Bay Convenience' (3,000 sqm) with no adjacent pharmacy (nearest 17.79 km) | Shopping centre 'Freycinet Rentals' (GLA 5,000 sqm) with supermarket but no pharmacy",80%,17.79,Swansea Pharmacy,Coles Bay Convenience,supermarket,TAS,2026-02-14T17:01:15.352586
-41.0546,145.9117,"Port Road, Burnie Port, Burnie, City of Burnie, Tasmania, 7320, Australia",Item 135,Hospital 'North West Regional Hospital' (160 beds) with no adjacent pharmacy (nearest 492 m),80%,0.49,Bolands Pharmacy,North West Regional Hospital,hospital,TAS,2026-02-14T17:01:15.353586
-41.2372,146.413,"George Street, Latrobe, Tasmania, 7307, Australia",Item 135,Hospital 'Mersey Community Hospital' (115 beds) with no adjacent pharmacy (nearest 517 m),80%,0.52,TerryWhite Chemmart Latrobe,Mersey Community Hospital,hospital,TAS,2026-02-14T17:01:15.354586
-42.8944,147.3212,"Greenlands Apartments, 15, Greenlands Avenue, Sandy Bay, Hobart, City of Hobart, Tasmania, 7005, Australia",Item 135,Hospital 'Hobart Private Hospital' (118 beds) with no adjacent pharmacy (nearest 380 m),80%,0.38,Davey Street Discount Pharmacy,Hobart Private Hospital,hospital,TAS,2026-02-14T17:01:15.355586
-41.4547332,147.1761331,"Norwood IGA, Norwood Avenue, Norwood, Launceston, City of Launceston, Tasmania, 7250, Australia","Item 130, Item 133","Supermarket 'Norwood IGA' (1200 sqm) + GP 'Norwood Medical Centre' (1.0 FTE) within 500 m; 1.86 km from nearest pharmacy | Supermarket 'Norwood IGA' (1,200 sqm) with no adjacent pharmacy (nearest 1.86 km)",75%,1.86,Slade Pharmacy Kings Meadows,Norwood IGA,supermarket,TAS,2026-02-14T17:01:15.357586
-41.456382,147.17792,"Norwood Medical Centre, Dapple Street, Norwood, Launceston, City of Launceston, Tasmania, 7250, Australia",Item 130,GP 'Norwood Medical Centre' (1.0 FTE) + Supermarket 'Norwood IGA' (1200 sqm) within 500 m; 1.87 km from nearest pharmacy,75%,1.87,Pharmacy and Co Kings Meadows,Norwood Medical Centre,gp,TAS,2026-02-14T17:01:15.358585
-41.1766608,146.3551924,"Coles, 86, Best Street, Devonport, City of Devonport, Tasmania, 7310, Australia",Item 133,"Supermarket 'Coles' (3,000 sqm) with no adjacent pharmacy (nearest 109 m)",75%,0.11,Chemist Discount Centre Devonport,Coles,supermarket,TAS,2026-02-14T17:01:15.359585
-42.734751,147.24324395000002,"Coles, 11, Cove Hill Road, Bridgewater, Hobart, Brighton, Tasmania, 7030, Australia","Item 133, Item 134","Supermarket 'Coles' (3,000 sqm) with no adjacent pharmacy (nearest 303 m) | Shopping centre 'Cove Hill' (GLA 5,000 sqm) with supermarket but no pharmacy",75%,0.30,Priceline Pharmacy Bridgewater,Coles,supermarket,TAS,2026-02-14T17:01:15.360586
-42.78274725,147.56589225,"Coles, 12, Cole Street, Sorell, Tasmania, 7172, Australia","Item 133, Item 134","Supermarket 'Coles' (3,000 sqm) with no adjacent pharmacy (nearest 261 m) | Shopping centre 'Coles Plaza' (GLA 5,000 sqm) with supermarket but no pharmacy",75%,0.26,Chemist Warehouse Sorell,Coles,supermarket,TAS,2026-02-14T17:01:15.361585
-41.57064566666667,147.24987863333334,"Rodgers Lane, Evandale, Northern Midlands, Tasmania, 7212, Australia","Item 133, Item 134","Supermarket 'Evandale General Store' (1,500 sqm) with no adjacent pharmacy (nearest 362 m) | Shopping centre 'Lake Leather' (GLA 5,000 sqm) with supermarket but no pharmacy | Shopping centre 'Jardin Skin Care Apothecary Tonics' (GLA 5,000 sqm) with supermarket but no pharmacy",75%,0.22,Evandale Pharmacy,Lake Leather,shopping_centre,TAS,2026-02-14T17:01:15.362585
-41.458746500000004,147.1538482,"Five Ways Takeaway & Essentials, Hobart Road, Sandhill, South Launceston, Launceston, City of Launceston, Tasmania, 7249, Australia","Item 133, Item 134","Supermarket 'Organic Grocery Store - Goodfoods at Kings' (1,500 sqm) with no adjacent pharmacy (nearest 771 m) | Shopping centre 'DongSheng' (GLA 5,000 sqm) with supermarket but no pharmacy",75%,0.88,Slade Pharmacy Kings Meadows,DongSheng,shopping_centre,TAS,2026-02-14T17:01:15.364585
-41.05470295,145.90566235,"Wilson Street, Burnie, City of Burnie, Tasmania, 7320, Australia","Item 133, Item 134","Supermarket 'Asian Flavours' (1,500 sqm) with no adjacent pharmacy (nearest 260 m) | Shopping centre 'Express Auto Centre' (GLA 5,000 sqm) with supermarket but no pharmacy",75%,0.35,Bolands Pharmacy,Express Auto Centre,shopping_centre,TAS,2026-02-14T17:01:15.365585
-42.8653782,147.368848,"Coles, 26, Bligh Street, Rosny Park, Hobart, City of Clarence, Tasmania, 7018, Australia",Item 133,"Supermarket 'Coles' (3,000 sqm) with no adjacent pharmacy (nearest 104 m)",75%,0.10,Chemist Warehouse Eastlands Shopping Centre,Coles,supermarket,TAS,2026-02-14T17:01:15.366585
-41.441445,147.13714620000002,"81-89, Elizabeth Street, Launceston, City of Launceston, Tasmania, 7250, Australia",Item 133,"Supermarket 'Eumarrah' (1,500 sqm) with no adjacent pharmacy (nearest 127 m) | Supermarket 'Woolworths' (3,000 sqm) with no adjacent pharmacy (nearest 229 m)",75%,0.23,Chemist Warehouse Launceston,Woolworths,supermarket,TAS,2026-02-14T17:01:15.367585
-42.8960919,147.328783,"Coles, 246, Sandy Bay Road, Sandy Bay Shopping Area, Sandy Bay, Hobart, City of Hobart, Tasmania, 7005, Australia",Item 133,"Supermarket 'Coles' (3,000 sqm) with no adjacent pharmacy (nearest 119 m)",75%,0.12,TerryWhite Chemmart Sandy Bay,Coles,supermarket,TAS,2026-02-14T17:01:15.368585
-41.4647153,147.1604867,"Woolworths, 111, Hobart Road, Kings Meadows, Launceston, City of Launceston, Tasmania, 7249, Australia",Item 133,"Supermarket 'Woolworths' (3,000 sqm) with no adjacent pharmacy (nearest 158 m)",75%,0.16,Slade Pharmacy Kings Meadows,Woolworths,supermarket,TAS,2026-02-14T17:01:15.369585
-41.069097066666664,145.9010145,"Linton Street, Upper Burnie, Burnie, City of Burnie, Tasmania, 7320, Australia","Item 133, Item 134","Supermarket 'Woolworths' (3,000 sqm) with no adjacent pharmacy (nearest 105 m) | Shopping centre 'Upper Burnie Illusions2' (GLA 5,000 sqm) with supermarket but no pharmacy | Shopping centre 'Upper Burnie Mowers' (GLA 5,000 sqm) with supermarket but no pharmacy",75%,0.11,Upper Burnie Pharmacy,Woolworths,supermarket,TAS,2026-02-14T17:01:15.370585
-41.4056454,147.1320764,"Mowbray Shops Stop 9 Out, 385, Invermay Road, Mowbray Heights, Mowbray, Launceston, City of Launceston, Tasmania, 7248, Australia",Item 133,"Supermarket 'Coles' (3,000 sqm) with no adjacent pharmacy (nearest 139 m)",75%,0.14,TerryWhite Chemmart Mowbray,Coles,supermarket,TAS,2026-02-14T17:01:15.371585
-41.4448557,147.1386382,,Item 133,"Supermarket 'Coles' (3,000 sqm) with no adjacent pharmacy (nearest 179 m)",75%,0.18,Chemist Warehouse South Launceston,Coles,supermarket,TAS,2026-02-14T17:01:15.372585
-42.8578725,147.3032616,,Item 133,"Supermarket 'Woolworths' (3,000 sqm) with no adjacent pharmacy (nearest 212 m)",75%,0.21,Chemist Warehouse New Town TAS,Woolworths,supermarket,TAS,2026-02-14T17:01:15.373585
-42.98156315,147.29447265,,"Item 133, Item 134","Supermarket 'Homeland Goodies' (1,500 sqm) with no adjacent pharmacy (nearest 248 m) | Shopping centre 'Total Tools' (GLA 5,000 sqm) with supermarket but no pharmacy",75%,0.37,Priceline Pharmacy Kingston,Total Tools,shopping_centre,TAS,2026-02-14T17:01:15.374586
-41.525328,146.8449712,,"Item 133, Item 134","Supermarket 'IGA' (1,200 sqm) with no adjacent pharmacy (nearest 873 m) | Shopping centre 'IGA' (GLA 5,000 sqm) with supermarket but no pharmacy",75%,0.87,Westbury Pharmacy,IGA,shopping_centre,TAS,2026-02-14T17:01:15.376585
-42.843319699999995,147.29728356666666,,"Item 133, Item 134","Supermarket 'No Frills Foodmarket' (1,500 sqm) with no adjacent pharmacy (nearest 279 m) | Supermarket 'Island Markets' (1,500 sqm) with no adjacent pharmacy (nearest 350 m) | Shopping centre 'Fantastic Furniture' (GLA 5,000 sqm) with supermarket but no pharmacy",75%,0.37,Friendly Care Advantage Moonah,Fantastic Furniture,shopping_centre,TAS,2026-02-14T17:01:15.377585
-42.8319921,147.2745657,,Item 133,"Supermarket 'Coles' (3,000 sqm) with no adjacent pharmacy (nearest 135 m)",75%,0.14,Chemist Warehouse Northgate Shopping Centre,Coles,supermarket,TAS,2026-02-14T17:01:15.378585
-41.4267,147.1336,,Item 134,"Shopping centre 'Northgate Shopping Centre' (GLA 12,000 sqm) with supermarket but no pharmacy",75%,0.36,Invermay Discount Drug Store,Northgate Shopping Centre,shopping_centre,TAS,2026-02-14T17:01:15.379585
-42.831,147.282,,Item 134,"Shopping centre 'Glenorchy Central' (GLA 10,000 sqm) with supermarket but no pharmacy",75%,0.42,Priceline Pharmacy Glenorchy,Glenorchy Central,shopping_centre,TAS,2026-02-14T17:01:15.380585
-42.8803,147.3845,,Item 134,"Shopping centre 'Shoreline Shopping Centre' (GLA 12,000 sqm) with supermarket but no pharmacy",75%,0.50,Amcal+ Pharmacy Howrah - Wentworth,Shoreline Shopping Centre,shopping_centre,TAS,2026-02-14T17:01:15.381585
-41.4352,147.1452,,Item 134,"Shopping centre 'Gateway Shopping Centre (Launceston)' (GLA 7,000 sqm) with supermarket but no pharmacy",75%,0.22,TerryWhite Chemmart Launceston City,Gateway Shopping Centre (Launceston),shopping_centre,TAS,2026-02-14T17:01:15.383585
-41.43,147.1295,,Item 134,"Shopping centre 'Meadow Mews Shopping Centre' (GLA 5,500 sqm) with supermarket but no pharmacy",75%,0.72,Invermay Discount Drug Store,Meadow Mews Shopping Centre,shopping_centre,TAS,2026-02-14T17:01:15.384585
-42.781,147.2487,,Item 134,"Shopping centre 'Claremont Village Shopping Centre' (GLA 5,000 sqm) with supermarket but no pharmacy",75%,1.22,Claremont Pharmacy,Claremont Village Shopping Centre,shopping_centre,TAS,2026-02-14T17:01:15.385585
-42.1224456,148.2845945,,"Item 131, Item 133","Near 'Supermarket' (supermarket); straight-line 17.31 km, est. route 22.51 km from nearest pharmacy | Supermarket 'Supermarket' (1,500 sqm) with no adjacent pharmacy (nearest 17.31 km)",70%,17.31,Swansea Pharmacy,Supermarket,supermarket,TAS,2026-02-14T17:01:15.386112
-40.048726,144.0576882,,"Item 131, Item 133","Near 'Grassy Supermarket' (supermarket); straight-line 21.94 km, est. route 28.52 km from nearest pharmacy | Supermarket 'Grassy Supermarket' (1,500 sqm) with no adjacent pharmacy (nearest 21.94 km)",70%,21.94,King Island Pharmacy,Grassy Supermarket,supermarket,TAS,2026-02-14T17:01:15.387108
-40.7625163,145.2950685,,"Item 131, Item 133","Near 'Stanley IGA' (supermarket); straight-line 16.69 km, est. route 21.70 km from nearest pharmacy | Supermarket 'Stanley IGA' (1,200 sqm) with no adjacent pharmacy (nearest 16.69 km)",70%,16.69,Smithton Pharmacy,Stanley IGA,supermarket,TAS,2026-02-14T17:01:15.388108
-42.48649965,146.7170984,,Item 131,"Near 'Central Highlands General Practice' (gp); straight-line 26.34 km, est. route 34.24 km from nearest pharmacy | Near 'Ouse District Public Hospital' (hospital); straight-line 26.33 km, est. route 34.23 km from nearest pharmacy",70%,26.34,Central Highlands Pharmacy,Central Highlands General Practice,gp,TAS,2026-02-14T17:01:15.390108
-41.2991302,146.9521946,,Item 133,"Supermarket 'IGA' (1,200 sqm) with no adjacent pharmacy (nearest 186 m)",65%,0.19,TerryWhite Chemmart Exeter,IGA,supermarket,TAS,2026-02-14T17:01:15.391109
-42.9140361,147.4860254,,Item 133,"Supermarket 'Hill Street Grocer' (1,500 sqm) with no adjacent pharmacy (nearest 667 m)",65%,0.67,Lauderdale Pharmacy,Hill Street Grocer,supermarket,TAS,2026-02-14T17:01:15.392108
-40.120876,148.0162171,,Item 133,"Supermarket 'Walkers Supermarket' (1,500 sqm) with no adjacent pharmacy (nearest 179 m)",65%,0.18,Flinders Island Pharmacy,Walkers Supermarket,supermarket,TAS,2026-02-14T17:01:15.393108
-41.4584651,147.2006663,,Item 133,"Supermarket 'St Leonards Supermarket' (1,500 sqm) with no adjacent pharmacy (nearest 3.49 km)",65%,3.49,Pharmacy and Co Kings Meadows,St Leonards Supermarket,supermarket,TAS,2026-02-14T17:01:15.394109
-42.8751386,147.3704878,,Item 133,"Supermarket 'Salamanca Fresh IGA' (1,200 sqm) with no adjacent pharmacy (nearest 243 m)",65%,0.24,Bellerive Quay Pharmacy,Salamanca Fresh IGA,supermarket,TAS,2026-02-14T17:01:15.395108
-41.0402366,145.83040065,,Item 133,"Supermarket 'IGA Everyday' (1,200 sqm) with no adjacent pharmacy (nearest 332 m) | Supermarket 'IGA X-Press' (1,200 sqm) with no adjacent pharmacy (nearest 202 m)",65%,0.33,Somerset Pharmacy,IGA Everyday,supermarket,TAS,2026-02-14T17:01:15.396125
-41.32339865,148.2489222,,Item 133,"Supermarket 'Hilly's IGA' (1,200 sqm) with no adjacent pharmacy (nearest 270 m) | Supermarket 'Bay of Fires IGA' (1,200 sqm) with no adjacent pharmacy (nearest 182 m)",65%,0.27,Blooms the Chemist St Helen's,Hilly's IGA,supermarket,TAS,2026-02-14T17:01:15.397108
-41.113103200000005,146.07121423333334,,Item 133,"Supermarket 'Henk's IGA Everyday' (1,200 sqm) with no adjacent pharmacy (nearest 400 m) | Supermarket 'Lane's IGA' (1,200 sqm) with no adjacent pharmacy (nearest 354 m) | Supermarket 'Ironcliffe Road Store' (1,500 sqm) with no adjacent pharmacy (nearest 397 m)",65%,0.40,Complete Care Pharmacy Penguin,Henk's IGA Everyday,supermarket,TAS,2026-02-14T17:01:15.398108
-42.8680108,147.3114253,,Item 133,"Supermarket 'Hill Street Grocer New Town' (1,500 sqm) with no adjacent pharmacy (nearest 149 m)",65%,0.15,Slade Pharmacy New Town,Hill Street Grocer New Town,supermarket,TAS,2026-02-14T17:01:15.400108
-41.4588023,147.1615032,,Item 133,"Supermarket 'Punchbowl Store' (1,500 sqm) with no adjacent pharmacy (nearest 751 m)",65%,0.75,Slade Pharmacy Kings Meadows,Punchbowl Store,supermarket,TAS,2026-02-14T17:01:15.401108
-41.421627349999994,147.13596345,,Item 133,"Supermarket 'IGA X-press Invermay' (1,200 sqm) with no adjacent pharmacy (nearest 689 m) | Supermarket 'IGA X-press Invermay' (1,200 sqm) with no adjacent pharmacy (nearest 693 m)",65%,0.69,Invermay Discount Drug Store,IGA X-press Invermay,supermarket,TAS,2026-02-14T17:01:15.402109
-41.4069649,147.0927482,,Item 133,"Supermarket 'Joe's Grocer' (1,500 sqm) with no adjacent pharmacy (nearest 291 m)",65%,0.29,TerryWhite Chemmart Windsor,Joe's Grocer,supermarket,TAS,2026-02-14T17:01:15.403108
-41.4473221,147.1576521,,Item 133,"Supermarket 'Wentworth Store' (1,500 sqm) with no adjacent pharmacy (nearest 722 m)",65%,0.72,TerryWhite Chemmart Newstead,Wentworth Store,supermarket,TAS,2026-02-14T17:01:15.404108
-41.3748815,147.1386358,,Item 133,"Supermarket 'Rocherlea Takeaway & Supermarket' (1,500 sqm) with no adjacent pharmacy (nearest 1.89 km)",65%,1.89,Chemist Warehouse Newnham,Rocherlea Takeaway & Supermarket,supermarket,TAS,2026-02-14T17:01:15.405108
-41.4694354,147.1785211,,Item 133,"Supermarket 'Norwood Store' (1,500 sqm) with no adjacent pharmacy (nearest 1.55 km)",65%,1.55,Pharmacy and Co Kings Meadows,Norwood Store,supermarket,TAS,2026-02-14T17:01:15.406108
-41.4802004,147.1666256,,Item 133,"Supermarket 'Southside Village Supermarket & Newsagency' (1,500 sqm) with no adjacent pharmacy (nearest 655 m)",65%,0.66,Youngtown WholeLife Pharmacy,Southside Village Supermarket & Newsagency,supermarket,TAS,2026-02-14T17:01:15.408109
-41.4733885,147.1375567,,Item 133,"Supermarket 'No Frills Foodmarket' (1,500 sqm) with no adjacent pharmacy (nearest 398 m)",65%,0.40,Olde Tudor Pharmacy,No Frills Foodmarket,supermarket,TAS,2026-02-14T17:01:15.409108
-42.8966766,147.4320085,,Item 133,"Supermarket 'Rokeby IGA' (1,200 sqm) with no adjacent pharmacy (nearest 1.05 km)",65%,1.05,Priceline Pharmacy Glebe Hill Village,Rokeby IGA,supermarket,TAS,2026-02-14T17:01:15.410108
-42.8887388,147.4226153,,Item 133,"Supermarket 'Howrah Fruit and Veg' (1,500 sqm) with no adjacent pharmacy (nearest 397 m)",65%,0.40,Priceline Pharmacy Glebe Hill Village,Howrah Fruit and Veg,supermarket,TAS,2026-02-14T17:01:15.411108
-40.9897747,145.7194643,,Item 133,"Supermarket 'IGA West End Supermarket' (1,200 sqm) with no adjacent pharmacy (nearest 349 m)",65%,0.35,Healthpoint Pharmacy Wynyard,IGA West End Supermarket,supermarket,TAS,2026-02-14T17:01:15.412108
-42.0805434,145.5574234,,Item 133,"Supermarket 'IGA' (1,200 sqm) with no adjacent pharmacy (nearest 184 m)",65%,0.18,Queenstown Medical Union Pharmacy,IGA,supermarket,TAS,2026-02-14T17:01:15.413108
-41.1584465,146.174394,,Item 133,"Supermarket 'Railway IGA Supermarket' (1,200 sqm) with no adjacent pharmacy (nearest 145 m)",65%,0.15,Priceline Pharmacy Ulverstone,Railway IGA Supermarket,supermarket,TAS,2026-02-14T17:01:15.414108
-40.8410958,145.1261105,,Item 133,"Supermarket 'IGA Everyday Smithton' (1,200 sqm) with no adjacent pharmacy (nearest 213 m)",65%,0.21,Smithton Pharmacy,IGA Everyday Smithton,supermarket,TAS,2026-02-14T17:01:15.416108
-40.9886716,145.7290206,,Item 133,"Supermarket 'Country Market' (1,500 sqm) with no adjacent pharmacy (nearest 253 m)",65%,0.25,Dixon's Pharmacy,Country Market,supermarket,TAS,2026-02-14T17:01:15.417108
-42.3007354,147.3697897,,Item 133,"Supermarket 'IGA: Oatlands' (1,200 sqm) with no adjacent pharmacy (nearest 403 m)",65%,0.40,Oatlands Pharmacy,IGA: Oatlands,supermarket,TAS,2026-02-14T17:01:15.418108
-42.897593,147.318174,,Item 133,"Supermarket 'The Foodstore' (1,500 sqm) with no adjacent pharmacy (nearest 564 m)",65%,0.56,Complete Care Pharmacy South Hobart,The Foodstore,supermarket,TAS,2026-02-14T17:01:15.419108
-41.2356479,146.4105921,,Item 133,"Supermarket 'Hill Street Grocer' (1,500 sqm) with no adjacent pharmacy (nearest 261 m)",65%,0.26,TerryWhite Chemmart Latrobe,Hill Street Grocer,supermarket,TAS,2026-02-14T17:01:15.420108
-41.2189569,146.344958,,Item 133,"Supermarket 'IGA' (1,200 sqm) with no adjacent pharmacy (nearest 3.57 km)",65%,3.57,Complete Care Pharmacy Devonport,IGA,supermarket,TAS,2026-02-14T17:01:15.421108
-41.440394,147.1388116,,Item 133,"Supermarket 'Tasmanian Hazara Market' (1,500 sqm) with no adjacent pharmacy (nearest 167 m)",65%,0.17,Chemist Warehouse Launceston,Tasmanian Hazara Market,supermarket,TAS,2026-02-14T17:01:15.422108
-43.0988811,147.7427548,,Item 133,"Supermarket 'IGA' (1,200 sqm) with no adjacent pharmacy (nearest 103 m)",65%,0.10,Tasman Pharmacy,IGA,supermarket,TAS,2026-02-14T17:01:15.423108
-41.4695436,147.0899735,,Item 133,"Supermarket 'Baxter's IGA' (1,200 sqm) with no adjacent pharmacy (nearest 3.14 km)",65%,3.14,TerryWhite Chemmart Prospect Vale,Baxter's IGA,supermarket,TAS,2026-02-14T17:01:15.424108
-41.3851736,147.1276108,,Item 133,"Supermarket 'Bolands IGA X-press' (1,200 sqm) with no adjacent pharmacy (nearest 454 m)",65%,0.45,Chemist Warehouse Newnham,Bolands IGA X-press,supermarket,TAS,2026-02-14T17:01:15.426108
-41.2007518,146.8170215,,Item 133,"Supermarket 'IGA X-press Beaconsfield (BLH)' (1,200 sqm) with no adjacent pharmacy (nearest 142 m)",65%,0.14,West Tamar Pharmacy,IGA X-press Beaconsfield (BLH),supermarket,TAS,2026-02-14T17:01:15.427108
-42.5593001,147.872333,,Item 133,"Supermarket 'Orford Festival IGA Supermarket' (1,200 sqm) with no adjacent pharmacy (nearest 6.63 km)",65%,6.63,Triabunna Pharmacy,Orford Festival IGA Supermarket,supermarket,TAS,2026-02-14T17:01:15.428108
-43.0268767,147.2612651,,Item 133,"Supermarket 'Margate Village Supermarket' (1,500 sqm) with no adjacent pharmacy (nearest 116 m)",65%,0.12,TerryWhite Chemmart Margate,Margate Village Supermarket,supermarket,TAS,2026-02-14T17:01:15.429108
-42.8780052,147.3091728,,Item 133,"Supermarket 'Hill Street Grocer West Hobart' (1,500 sqm) with no adjacent pharmacy (nearest 235 m)",65%,0.24,West Hobart Pharmacy,Hill Street Grocer West Hobart,supermarket,TAS,2026-02-14T17:01:15.430108
-43.0659047,147.255555,,Item 133,"Supermarket 'Baxter's IGA' (1,200 sqm) with no adjacent pharmacy (nearest 352 m)",65%,0.35,Healthpoint Pharmacy Snug,Baxter's IGA,supermarket,TAS,2026-02-14T17:01:15.431108
-42.7729901,147.0436559,,Item 133,"Supermarket 'IGA Express New Norfolk' (1,200 sqm) with no adjacent pharmacy (nearest 1.72 km)",65%,1.72,Blooms the Chemist New Norfolk,IGA Express New Norfolk,supermarket,TAS,2026-02-14T17:01:15.432108
-41.0980218,146.8232761,,Item 133,"Supermarket 'IGA George Town' (1,200 sqm) with no adjacent pharmacy (nearest 836 m)",65%,0.84,Amcal Pharmacy George Town,IGA George Town,supermarket,TAS,2026-02-14T17:01:15.433110
-42.7484982,147.2659412,,Item 133,"Supermarket 'IGA' (1,200 sqm) with no adjacent pharmacy (nearest 1.96 km)",65%,1.96,Priceline Pharmacy Bridgewater,IGA,supermarket,TAS,2026-02-14T17:01:15.435108
-42.8920438,147.320445,,Item 133,"Supermarket 'Salamanca Fresh' (1,500 sqm) with no adjacent pharmacy (nearest 120 m)",65%,0.12,Davey Street Discount Pharmacy,Salamanca Fresh,supermarket,TAS,2026-02-14T17:01:15.436108
